,RETAILER_ID,TXN_COUNT,ITEM_COUNT,DOLLAR_SALES,category_hh_idx,log_txn_count,log_itemcount,log_dollar_sales,log_cat_hh,norm_log_txn_count,norm_log_itemcount,norm_log_dollar_sales,norm_log_cat_hh,labels_from_model,tsne_1,tsne_2,tsne_3
0,597,246296,699656,6402477.06,0.351370017,12.41428934,13.45834406,15.67219551,-1.04591543,-0.025387592,-0.525861763,-0.638029307,-0.201704294,2,-2.806893826,-0.294662118,-0.834130704
1,1918,147625,877366,7911198.42,0.295037059,11.90243055,13.68467952,15.88378984,-1.220654306,-0.767988753,-0.263302371,-0.384374492,-0.928409089,2,-2.997576237,-1.502599239,1.379907966
2,860,51310,237286,5202337.04,0.468028523,10.84564094,12.37702144,15.46461851,-0.759226039,-2.301171744,-1.780245059,-0.886868243,0.990580793,1,-6.103869438,3.75062418,-0.737980843
3,526,146716,582230,10500000,0.362692513,11.89625402,13.27462084,16.16688582,-1.014199874,-0.776949618,-0.738989041,-0.045004994,-0.069805502,2,-3.261394262,0.652699947,0.88896209
4,612,192627,486271,4418190.48,0.459373974,12.16851096,13.09452136,15.30124078,-0.777890643,-0.381961162,-0.947912605,-1.082722032,0.912958354,1,-4.081999779,2.399134398,-1.912517667
5,2040,221499,1018600,10300000,0.383445764,12.30817335,13.83393969,16.14765445,-0.958557092,-0.179339929,-0.090153794,-0.068059146,0.161601942,2,-1.119711161,0.803166687,-0.38337931
6,186,499989,3155449,42300000,0.363472499,13.12234138,14.96464136,17.56029764,-1.01205164,1.001849358,1.221511432,1.625387755,-0.060871418,0,7.614815235,-1.889829636,0.498921275
7,224,753375,3803552,47800000,0.318966051,13.53231839,15.15144592,17.6825362,-1.142670605,1.596641148,1.438213205,1.771924758,-0.604090137,0,8.135274887,-2.98327136,1.403491735
8,3444,145674,592086,15200000,0.479116283,11.88912653,13.29140717,16.53680599,-0.735811949,-0.787290141,-0.71951613,0.398447514,1.087955409,3,-1.882973433,3.281518936,-0.839888871
9,90,114752,526169,2874518.95,0.952484712,11.65052856,13.17337773,14.8713959,-0.048681223,-1.133446412,-0.856435636,-1.59801102,3.945597658,3,-3.402437449,5.367780209,-2.815907955
10,1963,415812,1299542,13900000,0.591385367,12.93798851,14.07752245,16.4473994,-0.525287415,0.73439151,0.192413257,0.29126878,1.963485754,3,-0.192249581,3.980984449,-2.456864834
11,435,258387,1212462,8878294.42,0.346225897,12.46221374,14.00816356,15.99912003,-1.060663836,0.044140788,0.111953796,-0.246119088,-0.263040029,2,-0.706972063,-0.69267267,-0.253415942
12,670,400808,2031812,26800000,0.327590845,12.90123779,14.52443856,17.10391245,-1.115989873,0.681073814,0.710856221,1.078282792,-0.493130193,0,5.082027435,-1.818224907,0.406518668
13,362,342712,1920543,18300000,0.302575829,12.74464572,14.46811852,16.72241162,-1.195423358,0.453891139,0.645522411,0.620947636,-0.823478516,0,3.133415461,-2.082047224,1.098945022
14,604,475300,1474785,16700000,0.342071339,13.07170146,14.20402277,16.63091928,-1.07273597,0.928381323,0.339159369,0.511268545,-0.313245671,0,3.395018101,-0.163805246,0.575807989
15,145,292597,1045990,18300000,0.381743858,12.58655151,13.86047436,16.72241162,-0.963005424,0.224529164,-0.059372373,0.620947636,0.143102198,2,0.783658206,1.164410353,-0.355765849
16,355,188630,1099040,4678299.9,0.36085833,12.1475427,13.90994763,15.35844533,-1.019269836,-0.412381756,-0.00198114,-1.014146415,-0.090890483,2,-2.909338236,-1.172253609,-1.949638009
17,1970,182335,578094,6914441.15,0.395634839,12.11360093,13.26749176,15.7491227,-0.927263617,-0.461624239,-0.74725909,-0.545810614,0.291745383,1,-3.138291359,1.400738478,-1.271382332
18,541,180705,637857,7501422.09,0.455331582,12.10462115,13.3658694,15.83060317,-0.786729374,-0.474652052,-0.63313657,-0.448133543,0.876199803,3,-2.723677397,2.513226748,-1.630845428
19,861,156678,710493,7822677.46,0.556105189,11.96194802,13.47371437,15.87253744,-0.586797813,-0.681641224,-0.508031507,-0.397863626,1.707676044,3,-2.775398493,3.86759901,-1.933295369
20,422,297970,2002087,11600000,0.342930833,12.60474809,14.50970069,16.26651566,-1.070226506,0.250928627,0.693759624,0.07442916,-0.3028093,2,1.253651857,-1.929496646,-0.298996568
21,2127,110484,689887,5534101.11,0.349314089,11.61262599,13.4442831,15.52643971,-1.051783794,-1.188435187,-0.542173126,-0.812758295,-0.226109672,1,-5.072707176,0.925646663,0.230976805
22,856,453320,3616236,30300000,0.365068415,13.02435356,15.10094426,17.22665827,-1.007670504,0.859689312,1.379628987,1.225427901,-0.042651128,0,7.196476936,-1.7038064,0.270165592
23,569,212813,1006936,7325268.19,0.318509986,12.26816912,13.82242261,15.80684033,-1.14410145,-0.237377786,-0.103514128,-0.476619944,-0.61004074,2,-2.227312803,-1.490799785,0.232302934
24,407,315950,996178,11800000,0.346626518,12.66333925,13.81168124,16.28361009,-1.059507396,0.335932278,-0.115974615,0.094921607,-0.258230622,2,0.2155056,0.071148343,-0.044066831
25,2041,110351,501069,5456846.28,0.402454455,11.61142147,13.1244991,15.51238158,-0.910173343,-1.190182695,-0.913137073,-0.829610889,0.362820488,1,-5.10870266,2.162538052,-0.504261971
26,223,596361,3103399,40100000,0.319255401,13.29860147,14.94800852,17.50688689,-1.141763865,1.257566266,1.202216586,1.56136007,-0.600319182,0,7.371608257,-2.411264658,1.325660706
27,160,101022,432955,3009971.35,0.330696196,11.52309359,12.97838908,14.91744112,-1.106555161,-1.318328167,-1.082631324,-1.542812978,-0.453893069,1,-6.446949005,0.899610937,-0.386264741
28,184,314051,2839115,8175304.6,0.335297306,12.65731067,14.85900294,15.91662853,-1.092737659,0.327186056,1.098966077,-0.345008152,-0.396428782,2,1.41720736,-2.840957403,-0.362261176
29,606,231493,610351,4653377.9,0.38186589,12.35230491,13.32178948,15.35310394,-0.962685806,-0.115314169,-0.684271276,-1.02054956,0.14443143,2,-3.16104126,0.379176438,-1.70604372
30,828,871213,8811114,33400000,0.288949917,13.67764177,15.99152444,17.32406646,-1.241501903,1.807475296,2.41274239,1.342198785,-1.015110169,0,7.959643841,-3.747807264,2.424105167
31,605,158015,435900,3997666.23,0.425892865,11.97044524,12.98516814,15.20122131,-0.853567456,-0.669313514,-1.074767304,-1.202623266,0.598233296,1,-4.785411358,2.224751949,-1.603632808
32,132,305152,1294050,13400000,0.329263954,12.62856529,14.07328739,16.41076526,-1.110895559,0.285482459,0.187500396,0.247352553,-0.471943934,2,1.002289176,-0.623615146,0.414140582
33,270,427171,2335278,25500000,0.320203177,12.96493968,14.6636415,17.05418901,-1.138799557,0.773492074,0.872337942,1.018675385,-0.587991205,0,5.209806442,-2.075574398,0.722584844
34,1982,520333,1759658,16800000,0.565126757,13.16222427,14.38063003,16.63688944,-0.570705225,1.05971118,0.544031797,0.518425456,1.774601972,3,0.316207498,3.948284149,-2.383715153
35,139,434525,2765546,18800000,0.284730922,12.98200876,14.83274864,16.74936743,-1.256210677,0.798255775,1.068509898,0.653261693,-1.076281081,0,4.446355343,-3.154604673,1.794663787
36,719,616956,2837944,29600000,0.298590295,13.33255299,14.8585904,17.20328492,-1.208682897,1.306822895,1.098487515,1.19740842,-0.878622344,0,6.456084728,-2.895611525,1.558132291
37,552,252181,1159226,13900000,0.421659487,12.43790236,13.9632631,16.4473994,-0.863557193,0.008870011,0.059867223,0.29126878,0.556687934,2,-0.26187411,2.131945848,-0.94652158
38,1926,57894,342183,9946216.2,0.401240714,10.96636903,12.74310096,16.11270276,-0.913193746,-2.126020277,-1.355576212,-0.109958505,0.350259221,1,-5.643576145,3.404687881,0.083941124
39,91,198764,892023,12100000,0.814656806,12.19987347,13.7012472,16.30871601,-0.204988351,-0.336460645,-0.244083111,0.125018056,3.295546894,3,-1.960071921,4.917016506,-2.709033728
40,570,556575,2632830,25800000,0.326062606,13.22955721,14.78356987,17.06588505,-1.120665872,1.157397342,1.011460293,1.032696351,-0.512576758,0,6.233649731,-2.181899071,1.240355492
41,225,505842,2409384,25800000,0.304536599,13.13397965,14.69488167,17.06588505,-1.188964004,1.018734078,0.908577958,1.032696351,-0.796615324,0,5.61935854,-2.453545094,1.240795851
42,682,108117,322595,6010055.74,0.53021986,11.59096925,12.68415295,15.60894458,-0.634463529,-1.219854634,-1.423958583,-0.713853193,1.509443659,1,-4.617761135,4.108205795,-1.54770875
43,283,107173,259675,2399917.51,0.466893621,11.58219963,12.46718613,14.69094492,-0.761653839,-1.232577542,-1.675649935,-1.814331845,0.980484044,1,-5.971199036,3.180047989,-1.878472328
44,401,449334,2880681,18200000,0.311171771,13.01552177,14.87353728,16.71693215,-1.167410201,0.84687621,1.115826572,0.614378968,-0.706977274,0,4.629395485,-2.593368769,1.636710644
45,2109,158601,421595,4282325.83,0.801036178,11.97414689,12.95180042,15.27000684,-0.221849167,-0.663943187,-1.113475375,-1.12016462,3.225426059,3,-3.262170315,5.168851852,-2.724018812
46,413,453713,1707346,20200000,0.311284784,13.02522012,14.35045068,16.82119316,-1.167047081,0.860946513,0.509022378,0.739364871,-0.705467129,0,4.039751053,-1.128151417,1.076798439
47,579,488881,1933474,23900000,0.461413688,13.09987439,14.47482894,16.98938902,-0.773460268,0.969254402,0.65330681,0.940994518,0.931383417,0,1.207684278,3.537013054,-1.863471746
48,285,293300,1425125,17000000,0.339237796,12.58895125,14.16977009,16.6487239,-1.081053953,0.22801069,0.299424698,0.532612354,-0.347838538,2,1.632330894,-0.294978708,0.113482423
49,232,793041,4487721,62300000,0.341225016,13.5836302,15.31685556,17.94747198,-1.075213149,1.671083965,1.630095884,2.089524197,-0.323547774,0,8.811754227,-2.672163963,1.429065704
50,607,264591,728830,5760703.57,0.387820616,12.48594052,13.49919579,15.56657017,-0.947212377,0.07856343,-0.478471911,-0.764650741,0.208782391,2,-2.573064327,0.527920365,-1.750103354
51,396,133856,533504,5123913.99,0.30379789,11.80451987,13.18722185,15.44942916,-1.191392635,-0.910036883,-0.840375835,-0.905076924,-0.806715525,1,-5.359801769,-0.047115229,0.274714291
52,137,193394,1275035,10900000,0.286243001,12.17248484,14.05848419,16.20427335,-1.250914177,-0.376195882,0.170328005,-0.000185609,-1.054253972,2,-1.266951323,-2.135270119,1.406304359
53,721,232656,761737,4549150.81,0.328822145,12.35731625,13.54335663,15.33045114,-1.112238266,-0.108043763,-0.42724333,-1.047705266,-0.477527994,2,-3.36294198,-1.195499659,-0.901217103
55,1949,62763,184394,2290979.43,0.598277108,11.04712101,12.12483005,14.64448998,-0.513701241,-2.008865875,-2.072798515,-1.87002105,2.011670389,1,-6.187554836,4.195385456,-1.880387425
56,3438,339851,1192030,15900000,0.317864089,12.73626257,13.99116829,16.58182967,-1.146131382,0.441728911,0.092238515,0.452420955,-0.61848283,2,1.697617888,-0.475331753,0.857258379
57,611,149697,393388,3375444.37,0.430612069,11.91636853,12.88255168,15.03203754,-0.842547666,-0.747767634,-1.193807049,-1.405437203,0.644062446,1,-5.058973312,2.336781025,-1.6989187
58,2110,202524,630506,4025578.85,0.620856172,12.21861368,13.35427795,15.20817927,-0.476655831,-0.309272483,-0.646583176,-1.194282204,2.165734997,3,-3.253121138,4.469867706,-2.471133709
59,1946,204261,598209,9276769.5,0.665487148,12.22715387,13.30169547,16.04302393,-0.407235954,-0.296882436,-0.707581239,-0.193488013,2.454438687,3,-2.370137691,4.605821609,-2.485234261
60,874,251776,1560560,6769052,0.30945296,12.43629508,14.26055529,15.72787161,-1.172949187,0.00653818,0.404739651,-0.571285981,-0.730012832,2,-1.355156302,-2.500003576,0.089116663
61,364,447663,2286403,39400000,0.4706455,13.011796,14.6424904,17.48927637,-0.753650122,0.84147089,0.847801704,1.540248952,1.013769939,0,1.518943548,3.586169243,-1.87054503
62,229,678257,3665508,45400000,0.316009739,13.42728155,15.11447749,17.63102266,-1.151982245,1.444254434,1.395328145,1.710171418,-0.642815426,0,7.875964642,-2.654308796,1.60982573
63,370,521693,1626884,13000000,0.302301227,13.16483457,14.30217709,16.38045992,-1.196331318,1.063498187,0.453022824,0.211023138,-0.827254544,0,3.403499603,-0.153034344,1.453508139
64,231,518662,2854138,32200000,0.327493415,13.1590077,14.86428043,17.28747701,-1.11628733,1.055044599,1.105088202,1.298336126,-0.494367258,0,6.672058582,-2.281726122,0.786284745
65,347,412416,1902797,18300000,0.324879341,12.92978783,14.45883547,16.72241162,-1.124301425,0.722494012,0.634753652,0.620947636,-0.527696311,0,3.749156237,-1.225818038,0.703708351
66,176,147195,1091668,6404123.92,0.265359867,11.89951352,13.90321736,15.6724527,-1.326668384,-0.772220768,-0.009788558,-0.637720994,-1.369300898,2,-2.965568781,-2.246393919,1.461152077
67,33,243706,1007750,15800000,0.443077761,12.40371786,13.82323068,16.5755205,-0.814009991,-0.040724627,-0.102576735,0.444857656,0.762745055,3,-0.382268965,2.521696568,-1.029282808
68,550,361734,1447665,19600000,0.46265904,12.79866441,14.18546247,16.79104012,-0.770764911,0.532261078,0.317628576,0.703218044,0.942592881,3,0.704341412,3.244858742,-1.646344066
69,1953,261805,1293589,21700000,0.482770096,12.47535523,14.07293108,16.89282282,-0.728214731,0.063206371,0.187087061,0.825232994,1.119550752,3,0.364161491,3.118436098,-1.453439593
70,149,430211,2621751,22100000,0.290769592,12.97203106,14.77935297,16.91108817,-1.235224105,0.783780206,1.0065685,0.847129108,-0.989002033,0,4.722107887,-2.935937166,1.513592482
71,411,374144,1490302,17500000,0.306959195,12.83239603,14.21448934,16.67771144,-1.181040454,0.58119867,0.351301062,0.567362003,-0.763662832,2,2.646210194,-1.11052227,1.157724142
72,414,230884,774604,8922100.33,0.341077235,12.3496707,13.56010721,16.00404194,-1.075646332,-0.119135871,-0.407811898,-0.240218802,-0.3253493,2,-2.057777166,-0.244448394,0.079239547
73,228,767284,4624424,64300000,0.323751684,13.55061229,15.34686238,17.97907019,-1.127778466,1.623181803,1.664905159,2.12740346,-0.542156642,0,8.685101509,-2.688672066,1.846236944
74,438,241664,1083573,7043427.52,0.295674107,12.39530361,13.89577447,15.76760547,-1.218497421,-0.052931961,-0.018422646,-0.523653858,-0.919439026,2,-2.174250364,-2.178222179,0.283049732
75,367,632966,5229717,52800000,0.294914211,13.35817199,15.46986772,17.78202175,-1.221070776,1.343990761,1.807596937,1.891185941,-0.930141108,0,8.203318596,-3.001008034,2.219979048
76,554,208192,1602628,6846068.43,0.29268141,12.24621601,14.28715534,15.73918509,-1.2286706,-0.269227212,0.435596916,-0.55772361,-0.961747287,2,-1.537798643,-2.655939817,0.437323958
77,595,837305,4245725,68300000,0.481247656,13.63794368,15.26142315,18.03942032,-0.731373263,1.74988158,1.565791778,2.199749931,1.106415036,0,9.320878029,-1.922403574,0.732818902
78,131,306782,3166776,12500000,0.306654315,12.63389268,14.96822459,16.3412392,-1.182034176,0.293211391,1.225668148,0.164006173,-0.767795526,0,2.22631979,-3.298611403,0.375086278
79,2058,242042,1001127,4031460.04,0.368613785,12.39686654,13.81663692,15.20963916,-0.998005835,-0.050664468,-0.110225793,-1.192532119,-0.002457662,2,-2.973692417,-0.901053786,-1.90604496
80,853,281597,1427384,19200000,0.306306374,12.54823225,14.17135396,16.77042084,-1.183169455,0.168935842,0.301262058,0.678500077,-0.772516929,2,1.967684984,-1.363232493,1.296106815
81,70,238984,1026946,6712718.76,0.31346396,12.38415188,13.84209991,15.71951461,-1.160070887,-0.069110809,-0.080687576,-0.581304175,-0.676454502,2,-2.290133953,-1.796874046,-0.054505069
82,2036,114596,437882,4999684.76,0.374231266,11.64916818,12.98970475,15.42488542,-0.982881314,-1.135420039,-1.069504632,-0.934499438,0.060442262,1,-5.379974365,1.66635108,-0.404460609
83,326,85342,312597,3459482.67,0.352085109,11.35442199,12.6526701,15.05662962,-1.043882346,-1.563035749,-1.460480112,-1.375956736,-0.193249096,1,-6.670758724,1.698431373,-0.550177038
84,2037,89954,333620,2635475.54,0.278837134,11.40705371,12.7177579,14.78457419,-1.277127417,-1.486678024,-1.384975312,-1.702091048,-1.163269708,1,-6.879153728,0.348420471,0.039726391
85,715,113569,453269,5278401.16,0.380800875,11.64016586,13.02424105,15.4791338,-0.965478679,-1.148480539,-1.029440957,-0.869467624,0.132816417,1,-5.274785519,1.796487927,-0.404542714
86,406,320583,2026612,13300000,0.279695058,12.67789649,14.52187599,16.40327459,-1.274055348,0.35705182,0.70788352,0.238372893,-1.150493575,2,2.048644066,-2.927794456,1.433568239
87,615,313503,838843,7658031.29,0.407593256,12.65556421,13.63977884,15.8512655,-0.897485524,0.324652298,-0.315389192,-0.423363984,0.415586645,2,-1.515616179,1.11834991,-1.870440841
88,609,250378,709184,6051660.36,0.437995268,12.43072705,13.47187029,15.61584323,-0.825547172,-0.001539875,-0.510170725,-0.705583236,0.714764175,3,-2.386100054,1.603241801,-2.02897501
89,12,340612,2221508,20600000,0.317672437,12.73849928,14.6136968,16.84080163,-1.146734499,0.444973919,0.814399827,0.762871093,-0.620991077,0,3.839308739,-2.252441168,0.575837672
90,542,109935,360374,4022359.33,0.487423209,11.60764456,12.79489766,15.20737919,-0.718622521,-1.195662214,-1.29548969,-1.195241329,1.159442876,1,-5.075939178,3.52096343,-1.703073859
91,130,335817,1594428,20300000,0.510573392,12.72432165,14.28202561,16.82613144,-0.672220887,0.424405112,0.429646196,0.745284779,1.352418194,3,0.609762549,3.465679169,-1.833742976
92,610,280786,750973,7593335.72,0.420091355,12.54534809,13.52912498,15.84278154,-0.867283081,0.164751526,-0.443752692,-0.43353437,0.541192697,2,-1.857742429,1.37599802,-1.887155533
93,1968,293952,944560,12400000,0.365984054,12.59117177,13.75847449,16.33320703,-1.005165514,0.231232195,-0.177696854,0.154377375,-0.032233365,2,-0.020663735,0.542601705,-0.352081418
94,412,328260,1097742,15500000,0.343062516,12.70156126,13.9087659,16.55635058,-1.069842587,0.391384494,-0.003351999,0.421877164,-0.301212656,2,1.169451714,0.132299885,0.200853229
95,325,79409,305965,3768237.63,0.350597755,11.28236699,12.631226,15.14211798,-1.04811571,-1.667572642,-1.485356247,-1.273475091,-0.210854828,1,-6.69854641,1.810556531,-0.453660131
96,1962,391591,1990540,35600000,0.501293236,12.87797321,14.50391652,17.3878562,-0.690564047,0.647321721,0.687049715,1.418668579,1.276132581,0,1.293113351,3.575689077,-1.871997476
97,71,310969,2620721,18600000,0.315594916,12.64744851,14.77896003,16.73867214,-1.153295798,0.312878096,1.006112667,0.640440406,-0.648278235,0,3.472649813,-2.788998127,0.502345026
98,3414,237583,967528,10000000,0.325519511,12.37827232,13.78249964,16.11809565,-1.122332879,-0.077640845,-0.149826585,-0.103493616,-0.519509511,2,-1.294246554,-0.780033946,0.442969024
99,561,208753,738984,6602449.64,0.286239502,12.24890701,13.51303155,15.7029513,-1.250926398,-0.265323122,-0.4624218,-0.601159924,-1.054304798,2,-3.213609934,-1.759075999,0.618629098
100,138,268661,2157052,12800000,0.286018585,12.50120564,14.58425303,16.36495573,-1.251698487,0.100709966,0.780243718,0.192437046,-1.057515765,2,1.650758386,-3.081560612,1.251350403
101,57,355252,2246959,17000000,0.285806595,12.78058268,14.6250883,16.6487239,-1.252439939,0.506028218,0.827614486,0.532612354,-1.060599319,0,3.130160332,-2.82234931,1.464049578
102,2096,144119,409075,7279079.93,0.521946633,11.87839463,12.92165379,15.80051503,-0.650189932,-0.802859908,-1.148446827,-0.484202576,1.444040627,3,-3.798502207,3.844888926,-1.618394136
103,227,556663,2575150,27300000,0.329578348,13.22971531,14.76141834,17.12239726,-1.109941173,1.157626708,0.985763515,1.100441998,-0.467974833,0,6.361368656,-2.086253405,1.11662519
104,3443,223582,715046,13000000,0.4147859,12.31753352,13.48010216,16.38045992,-0.879992797,-0.165760271,-0.500621391,0.211023138,0.488335474,2,-1.129121065,2.164842129,-0.764887035
105,437,330886,2291485,17000000,0.296391177,12.70952918,14.64471064,16.6487239,-1.216075152,0.402944309,0.850377282,0.532612354,-0.909365286,0,3.065872908,-2.728744745,1.131441712
106,534,186854,901821,12000000,0.35124107,12.13808284,13.71217133,16.30041721,-1.046282483,-0.426106057,-0.231410618,0.115069626,-0.203230795,2,-1.670199156,0.345579118,0.611301005
107,1950,123286,389018,5813973.36,0.565235458,11.72226214,12.87138089,15.57577478,-0.570512896,-1.029375832,-1.206765669,-0.753616454,1.775401831,3,-4.192529678,4.214653969,-1.901458144
108,408,472018,1527542,13400000,0.327922148,13.0647724,14.23917047,16.41076526,-1.114979052,0.918328686,0.379932285,0.247352553,-0.488926383,2,3.205952883,-0.125592604,0.930782139
109,910,188519,1654432,4930194.61,0.381414234,12.14695408,14.31896831,15.41088902,-0.963869267,-0.413235732,0.4725014,-0.951278028,0.139509646,2,-2.69678092,-1.325816035,-2.243584156
110,187,267213,1187980,13100000,0.330220137,12.49580137,13.98776494,16.38812279,-1.107995765,0.09286949,0.088290475,0.220209229,-0.459884262,2,0.454809844,-0.610935748,0.327163696
111,3439,138312,368357,4787479.93,0.402942905,11.83726728,12.81680786,15.38151472,-0.908960401,-0.862527173,-1.27007287,-0.98649132,0.367864877,1,-5.095742226,2.096585751,-1.071177602
112,329,85090,296462,2922258.33,0.397340505,11.3514648,12.59967433,14.88786728,-0.92296167,-1.567326025,-1.521957613,-1.578265477,0.309636338,1,-6.548510551,2.323143959,-1.069943547
113,2038,204353,855545,7227574.64,0.312233435,12.22760417,13.65949397,15.79341408,-1.164004181,-0.29622914,-0.292518745,-0.492715044,-0.692812305,2,-2.696878433,-1.339160919,0.411663204
114,433,125476,448982,3751541.88,0.251362202,11.73986978,13.01473808,15.13767748,-1.380860344,-1.003830782,-1.040464834,-1.278798265,-1.594674659,1,-6.453452587,-0.352896035,0.396768421
115,328,66738,243719,2629337.38,0.384759002,11.10852978,12.4037712,14.78224243,-0.955138109,-1.919774448,-1.749214127,-1.704886323,0.175820823,1,-6.882727623,2.453892231,-0.96883744
116,409,362007,1281248,15000000,0.305228558,12.79941883,14.06334516,16.52356076,-1.186694413,0.533355576,0.175966955,0.382569415,-0.787176541,2,1.96207726,-0.750551224,1.200320005
117,234,482416,1589192,15100000,0.325900755,13.08656209,14.27873627,16.5302053,-1.121162375,0.949941019,0.425830412,0.390534753,-0.514641617,0,3.412914991,-0.294828951,0.90530324
118,873,37803,99209,1536288.09,0.473893745,10.54014374,11.50498401,14.24487973,-0.746772149,-2.74438495,-2.791848037,-2.349065399,1.042374081,1,-6.891800404,3.756317616,-1.583136201
119,417,188963,651190,8899682.59,0.483016568,12.14930651,13.38655674,16.00152617,-0.727704324,-0.409822841,-0.60913832,-0.243234654,1.121673438,3,-2.393630266,2.994065285,-1.619294167
120,2159,275960,1136818,18600000,0.358044839,12.52801121,13.94374369,16.73867214,-1.027097052,0.139599293,0.037223823,0.640440406,-0.123442342,2,1.140957594,0.677913427,-0.11198353
121,854,347562,2278936,23100000,0.30427159,12.75869835,14.63921923,16.95534318,-1.189834587,0.474278585,0.844006995,0.900181081,-0.800235908,0,4.134436131,-2.5261724,0.743801475
122,626,443283,2327917,34000000,0.326835161,13.00196367,14.66048443,17.34187108,-1.118299331,0.827206222,0.868675602,1.363542594,-0.502734777,0,6.117348671,-2.0362463,0.349425405
123,829,575244,6036105,22900000,0.301003357,13.26254958,15.61326949,16.94664747,-1.200633863,1.205262436,1.973949496,0.88975685,-0.845147984,0,6.601325989,-3.722962141,2.315008879
124,1955,203394,660500,8656286.41,0.674930657,12.22290026,13.4007524,15.97379637,-0.393145324,-0.303053534,-0.592670703,-0.276476557,2.513038859,3,-2.361780405,4.634669304,-2.516292095
125,3447,805826,4204032,52000000,0.324685507,13.59962312,15.25155462,17.76675428,-1.124898237,1.694286376,1.554343836,1.872883617,-0.530178333,0,8.43526268,-3.060156345,1.431932688
126,19,278429,2539527,12300000,0.291778606,12.53691837,14.7474884,16.32510982,-1.231759964,0.152521742,0.969604151,0.14467061,-0.97459535,2,1.894797206,-3.239751816,0.905514598
127,82,202434,1786040,14200000,0.28199723,12.21816919,14.39551144,16.46875252,-1.26585803,-0.309917347,0.561294904,0.316866456,-1.116402533,2,0.916759908,-3.00217104,1.700358868
128,415,502808,2124379,28800000,0.32584472,13.12796367,14.56899008,17.17588595,-1.121334332,1.010006136,0.762538003,1.164563107,-0.515356749,0,5.910748005,-1.823917627,0.781428695
129,8,375007,1980306,14800000,0.317986086,12.83469997,14.49876194,16.51013774,-1.145747652,0.584541213,0.681070168,0.366478181,-0.616886972,0,3.059421539,-1.483461738,0.59253037
130,838,685853,3487747,34900000,0.317645962,13.4384186,15.06476653,17.36799739,-1.146817842,1.460411984,1.337661171,1.394862257,-0.621337683,0,7.3433218,-2.971078873,1.384161592
131,426,280197,1265306,8539400.55,0.362020345,12.54324821,14.05082455,15.96020137,-1.016054868,0.161705026,0.161442476,-0.292773953,-0.077520059,2,-0.614995301,-0.38503179,-0.599166751
132,527,135833,605622,9913589.32,0.321858678,11.81918147,13.31401131,16.10941703,-1.133642717,-0.888765944,-0.693294309,-0.113897361,-0.566544915,2,-3.521431446,0.12681742,1.126199484
133,92,395342,2271595,22500000,0.313762909,12.88750649,14.63599279,16.92902587,-1.159117645,0.661152545,0.840264179,0.868632446,-0.672490159,0,4.516497612,-2.139424324,0.822744906
134,576,219889,886889,9797547.62,0.539718012,12.30087815,13.69547511,16.09764267,-0.616708476,-0.189923756,-0.25077899,-0.128012219,1.583283453,3,-1.896808386,3.550891876,-2.017268658
135,627,621852,3255887,46600000,0.333877873,13.3404574,14.9959753,17.6571111,-1.096980003,1.318290563,1.257860227,1.741445685,-0.414071863,0,7.909490585,-2.388841152,1.063107252
136,167,575369,2934929,39400000,0.339647757,13.26276685,14.89219382,17.48927637,-1.079846207,1.205577658,1.137469002,1.540248952,-0.342815756,0,7.409646034,-2.24527812,0.803170443
137,245,233940,784750,9099965.83,0.359779156,12.36281995,13.57312047,16.02378122,-1.022264891,-0.100059027,-0.39271592,-0.216555773,-0.103346328,2,-1.839702249,0.193098381,-0.206194863
138,1948,115092,358845,4713240.7,0.547710499,11.65348709,12.79064582,15.36588628,-0.602008417,-1.129154196,-1.300422019,-1.005226369,1.644418118,1,-4.640941143,4.12644577,-1.906862259
139,803,230802,739761,8913208.16,0.339191437,12.34931548,13.51408244,16.0030448,-1.081190619,-0.119651221,-0.461202719,-0.241414155,-0.348406904,2,-2.165118694,-0.245029777,0.101758592
140,65,119050,536632,5212051.58,0.333055897,11.68729885,13.19306785,15.46648411,-1.099444945,-1.080100324,-0.833594207,-0.884631801,-0.424323072,1,-5.317578316,0.624444127,0.117091954
141,153,156082,634587,9132651.56,0.340000685,11.95813679,13.36072967,16.02736663,-1.078807647,-0.687170535,-0.639098886,-0.212257651,-0.338496587,2,-3.305739164,0.2416967,0.883151889
142,230,576184,3133848,31000000,0.328370312,13.26418233,14.9577722,17.24949776,-1.113613308,1.207631227,1.213542898,1.252807403,-0.483246522,0,6.87971735,-2.527885437,1.020349145
143,185,111240,469142,4096469.97,0.500043751,11.61944531,13.05866077,15.22563618,-0.693059683,-1.178541772,-0.989512513,-1.173355233,1.26575372,1,-4.806788921,3.591732502,-1.829647183
144,720,654059,2530657,14200000,0.665818493,13.39095284,14.74398951,16.46875252,-0.406738178,1.391548994,0.965545279,0.316866456,2.456508837,3,0.146782368,4.259726524,-2.655521631
145,802,278028,1096347,13000000,0.712589123,12.53547711,13.9074943,16.38045992,-0.338850289,0.15043077,-0.004827111,0.211023138,2.738841284,3,-1.437510133,4.641386032,-2.637606144
146,608,376373,1033805,10300000,0.384671103,12.83833595,13.84875673,16.14765445,-0.955366587,0.589816268,-0.072965362,-0.068059146,0.174870626,2,-0.173392147,0.643791854,-1.121344209
147,650,878725,5528369,79500000,0.344384003,13.68622727,15.52540339,18.19126758,-1.065997955,1.819931079,1.872020833,2.381781222,-0.285223586,0,9.182073593,-2.799992561,1.593482137
148,342,104117,403820,2867776,0.36757848,11.55327055,12.90872451,14.86904737,-1.000818432,-1.274547655,-1.163445377,-1.600826379,-0.014154702,1,-6.358743191,1.439465284,-0.869597137
149,165,211512,1585559,10100000,0.33403986,12.26203701,14.27644758,16.12804598,-1.096494952,-0.24627421,0.423175434,-0.091565369,-0.412054629,2,-0.358394623,-1.653898001,0.0914426
150,837,1052256,5523162,70500000,0.310782128,13.86644699,15.52446108,18.07112327,-1.168663165,2.081392586,1.870927707,2.237754752,-0.712188107,0,8.973995209,-3.276533127,1.932493567
151,1947,128339,392088,4625830.35,0.558809975,11.76243048,12.87924158,15.34716645,-0.581945801,-0.971099883,-1.197646913,-1.027667305,1.727854616,3,-4.386853695,4.154367924,-2.031407833
152,368,352446,1190275,9786675.69,0.308577248,12.7726527,13.98969493,16.0965324,-1.175783068,0.494523462,0.090529347,-0.129343193,-0.741798392,2,0.49979037,-0.951660991,1.257339478
153,1978,112251,377841,7138779.22,0.453532936,11.62849271,12.84222875,15.78105234,-0.790687386,-1.165415858,-1.240583478,-0.507534035,0.859739204,1,-4.711627007,3.343245983,-0.805627465
154,544,198860,678920,7879210.41,0.429184475,12.20035634,13.42825858,15.87973826,-0.845868442,-0.335760103,-0.560762291,-0.389231441,0.630251989,3,-2.524013281,1.983475447,-1.544222355
155,432,250451,698147,6009171.6,0.335894681,12.43101857,13.45618496,15.60879746,-1.090957617,-0.001116945,-0.528366421,-0.714029559,-0.389025938,2,-3.021605015,-0.724720359,-0.660319149
156,642,333071,1414099,16500000,0.329258828,12.71611096,14.16200314,16.61887094,-1.110911125,0.412493102,0.290414683,0.496825251,-0.472008673,2,1.96459794,-0.564077616,0.470390707
157,727,275083,1768434,15400000,0.27217737,12.52482815,14.38560497,16.54987807,-1.30130133,0.134981336,0.54980295,0.41411805,-1.263804285,2,1.738699675,-2.840352058,1.714663148
158,237,339959,1226700,12700000,0.319273543,12.7365803,14.0198382,16.35711255,-1.141707042,0.44218988,0.125496901,0.18303481,-0.600082866,2,1.097948194,-0.631821215,0.87387085
159,1967,411714,1367278,7374583.73,0.558398741,12.92808421,14.12833246,15.81355002,-0.582681982,0.720022419,0.251355171,-0.468576509,1.724792983,3,-0.602610707,3.735709906,-2.646475315
160,379,273570,1190723,10900000,0.319881932,12.51931281,13.99007124,16.20427335,-1.139803314,0.12697972,0.090965887,-0.000185609,-0.592165635,2,0.011555605,-0.976360738,0.541558921
161,718,134702,661057,3512877.77,0.333720498,11.81082021,13.40159535,15.07194614,-1.097451467,-0.9008964,-0.591692849,-1.357595616,-0.41603259,1,-5.575438976,0.180258885,-0.401085943
162,366,785599,3403777,24800000,0.323470297,13.57420176,15.04039626,17.02635421,-1.128647987,1.657405252,1.30939055,0.985307614,-0.545772811,0,6.956939697,-3.427416563,1.257264972
163,614,346713,935748,7595432.19,0.444077724,12.75625263,13.74910149,15.8430576,-0.811755678,0.470730354,-0.188569961,-0.433203441,0.7721203,3,-1.314402223,1.614846826,-2.188516378
164,416,188462,567797,6274852.1,0.32565653,12.14665167,13.24951924,15.65206047,-1.121912041,-0.413674455,-0.768108034,-0.66216677,-0.517759331,2,-3.911771297,-0.480167359,0.057215534
165,353,408545,1939771,16600000,0.33775245,12.92035735,14.47808048,16.62491325,-1.085442049,0.708812335,0.657078744,0.50406865,-0.366087767,0,3.534023762,-0.94585228,0.416739345
166,1927,166398,540410,4232946.6,0.326918178,12.02213779,13.20008339,15.2584089,-1.118045361,-0.594318332,-0.825455862,-1.134067979,-0.501678564,1,-5.101852894,-0.10958346,-0.213056743
167,2105,195167,870836,8343138.16,0.299422285,12.18161088,13.67720895,15.93694998,-1.205900378,-0.362955881,-0.271968568,-0.320647228,-0.867050388,2,-2.523546934,-1.505004048,0.93168819
168,3442,190622,709331,16400000,0.455973494,12.15804769,13.47207755,16.61279189,-0.785320598,-0.397141197,-0.509930296,0.489537819,0.882058627,3,-1.270908952,2.926520348,-0.831885338
169,543,133294,444834,5304175.81,0.330562145,11.80031249,13.00545646,15.48400496,-1.106960603,-0.916140921,-1.051231933,-0.863628183,-0.455579226,1,-5.295842648,0.500591636,0.08991617
170,549,189001,715966,8982546.16,0.506687611,12.14950759,13.48138796,16.01079394,-0.679860618,-0.40953112,-0.4991298,-0.23212465,1.320646049,3,-2.317827702,3.282774687,-1.74078846
171,233,424929,2521093,32800000,0.310171461,12.95967738,14.7402031,17.30593907,-1.170630033,0.765857558,0.961152866,1.320468058,-0.720367927,0,5.824254036,-2.448363066,0.435656637
172,2063,87866,269880,3291059.29,0.540358709,11.38356821,12.50573269,15.00672004,-0.615522083,-1.520750626,-1.630934169,-1.435787283,1.588217426,1,-5.537876606,4.062103748,-1.880409598
173,716,291128,1643846,9696951.94,0.287972742,12.58151831,14.31254918,16.08732216,-1.244889448,0.217227029,0.465054919,-0.140384227,-1.029198305,2,0.569185078,-2.581925631,1.076352
174,287,259808,908301,5111923.02,0.319210723,12.46769818,13.7193311,15.44708622,-1.141903819,0.052097569,-0.223104962,-0.907885591,-0.600901224,2,-2.934684277,-1.657890439,-0.695206106
175,148,540222,3415904,27400000,0.276265648,13.19973545,15.04395273,17.12605357,-1.286392384,1.114132131,1.313516222,1.104825107,-1.201800896,0,5.83762455,-3.378814459,1.969061136
176,13,253327,1405932,11600000,0.320711611,12.44243642,14.15621099,16.26651566,-1.137212967,0.015447995,0.283695525,0.07442916,-0.581392887,2,0.172629684,-1.329162598,0.401830852
177,616,232246,642762,6728752.98,0.409776282,12.35555243,13.37352979,15.72190039,-0.892143923,-0.110602691,-0.624250164,-0.578444147,0.437801318,2,-2.59958601,1.30706346,-1.697859764
178,36,80857,392156,6791595.76,0.438551061,11.30043744,12.879415,15.73119649,-0.82427903,-1.641356159,-1.197445743,-0.567300182,0.720038129,1,-5.276894569,3.325014591,-0.425971448
179,69,489644,3842159,20100000,0.290693247,13.10143388,15.16154501,16.81623037,-1.235486703,0.9715169,1.449928597,0.733415583,-0.990094127,0,5.37267065,-3.411778927,2.045976877
180,388,204374,818700,8457908.71,0.31827894,12.22770693,13.615473,15.9506125,-1.144827111,-0.296080059,-0.343585075,-0.304268885,-0.613058624,2,-2.433344364,-0.922055721,0.590866446
181,724,308745,2227408,22700000,0.320041284,12.64027097,14.61634914,16.93787548,-1.13930528,0.302464978,0.817476654,0.879241178,-0.590094408,0,3.916042328,-2.437723637,0.255074143
182,351,122046,494932,4127564.9,0.313430287,11.7121533,13.11217566,15.23319818,-1.160178312,-1.044041662,-0.927432819,-1.164290066,-0.676901264,1,-5.783704281,0.276246786,0.004778302
183,1920,178446,1108249,10500000,0.30517129,12.09204131,13.91829185,16.16688582,-1.186882055,-0.492902785,0.007698534,-0.045004994,-0.787956905,2,-1.70276916,-1.661913037,1.308261871
184,2039,85717,314100,3610515.85,0.380730755,11.35880645,12.65746669,15.09936121,-0.965662833,-1.556674807,-1.454915856,-1.324730998,0.132050557,1,-6.432333946,2.13107729,-0.742713511
185,150,451824,2925815,19500000,0.260760494,13.021048,14.88908363,16.78592502,-1.344152941,0.854893636,1.133861043,0.697086169,-1.442015751,0,4.608859062,-3.556308508,2.101298094
186,385,235899,1104864,4798512.88,0.30640897,12.37115903,13.91523281,15.38381661,-1.182834566,-0.087960755,0.004149907,-0.983731861,-0.771124193,2,-2.718875408,-2.143234968,-0.515636861
187,548,268412,1069354,8476575.04,0.464992214,12.50027839,13.88256529,15.95281704,-0.765734618,0.09936472,-0.033745901,-0.301626134,0.963512886,3,-1.337374091,2.242204666,-2.087184191
188,717,123012,412298,2464198.75,0.337057737,11.72003719,12.92950167,14.71737726,-1.087501036,-1.032603771,-1.139342935,-1.782645315,-0.374650692,1,-6.507632732,0.78789556,-0.658392012
189,9,907693,5802788,66600000,0.327658963,13.71866149,15.57384905,18.01421514,-1.115781959,1.866986423,1.928219992,2.169534482,-0.492265519,0,8.967460632,-3.09464407,1.835817337
190,383,346192,1579238,17100000,0.292882081,12.75474881,14.27245301,16.65458902,-1.227985205,0.468548631,0.418541547,0.539643336,-0.958896866,2,2.507852316,-1.705912709,1.43883872